dataset,experiment_stage,feature_set,optimization_method,model_family,model_name,classifier,n_runs,n_features_mean,accuracy_mean,accuracy_std,precision_handover_mean,precision_handover_std,recall_handover_mean,recall_handover_std,f1_handover_mean,f1_handover_std,f1_handover_min,f1_handover_max,dataset_short
D1_ANATEL_UFJF_raw_drive_test_proxy,01_raw_flattened_windows,raw_time_windows,none_raw_baseline,classical_ml,Decision_Tree,Decision_Tree,5,90.0,0.8036137775268211,0.006827396499239658,0.8094466374937351,0.011403154321216288,0.7977553310886644,0.01846572756334353,0.8033815934662144,0.00797425122354874,0.7926054303870596,0.8135593220338984,D1 ANATEL/UFJF proxy
D1_ANATEL_UFJF_raw_drive_test_proxy,01_raw_flattened_windows,raw_time_windows,none_raw_baseline,classical_ml,KNN,KNN,5,90.0,0.7920948616600791,0.004399221045913588,0.7861860394247626,0.010761696523947128,0.8062850729517397,0.007385267733495833,0.796027693757088,0.002251453545372477,0.7933701657458564,0.7995482778091474,D1 ANATEL/UFJF proxy
D1_ANATEL_UFJF_raw_drive_test_proxy,01_raw_flattened_windows,raw_time_windows,none_raw_baseline,classical_ml,Logistic_Regression,Logistic_Regression,5,90.0,0.6213438735177865,0.009874160435142677,0.6096340446604878,0.008985316623775405,0.6879910213243546,0.01779882326279875,0.6463637150857852,0.010579453248508194,0.6361724500525763,0.6599894570374275,D1 ANATEL/UFJF proxy
D1_ANATEL_UFJF_raw_drive_test_proxy,01_raw_flattened_windows,raw_time_windows,none_raw_baseline,classical_ml,Random_Forest,Random_Forest,5,90.0,0.9153020892151327,0.0026181870399479956,0.8977632058682558,0.009721303841099677,0.9387205387205387,0.008038610361153744,0.9177185581092415,0.0019821352313504526,0.9157549234135668,0.9205113952195664,D1 ANATEL/UFJF proxy
D1_ANATEL_UFJF_raw_drive_test_proxy,01_raw_flattened_windows,raw_time_windows,none_raw_baseline,classical_ml,SVM,SVM,5,90.0,0.7643139469226427,0.007880901783113656,0.7693563144165891,0.011546227452488574,0.7593714927048261,0.006668215837267288,0.7642835605836099,0.0065898437983022634,0.7533482142857143,0.7697516930022573,D1 ANATEL/UFJF proxy
D1_ANATEL_UFJF_raw_drive_test_proxy,02_engineered_flattened_windows,engineered_time_windows,temporal_feature_engineering,classical_ml,Decision_Tree,Decision_Tree,5,1080.0,0.8083568605307736,0.01451498047481386,0.7979553295280143,0.018275947232931425,0.8296296296296296,0.02275877325366841,0.8132619913959859,0.014142711261523578,0.8006718924972005,0.8375411635565313,D1 ANATEL/UFJF proxy
D1_ANATEL_UFJF_raw_drive_test_proxy,02_engineered_flattened_windows,engineered_time_windows,temporal_feature_engineering,classical_ml,KNN,KNN,5,1080.0,0.789158667419537,0.009419721048511258,0.7770125643351296,0.009163042738607957,0.8148148148148149,0.015531259823903545,0.7954063789925311,0.009950255488310912,0.7791920309905921,0.8030973451327433,D1 ANATEL/UFJF proxy
D1_ANATEL_UFJF_raw_drive_test_proxy,02_engineered_flattened_windows,engineered_time_windows,temporal_feature_engineering,classical_ml,Logistic_Regression,Logistic_Regression,5,1080.0,0.6519480519480519,0.00919708210980839,0.6520940361463421,0.007761500344604799,0.6606060606060605,0.01728905138487832,0.6562625937880058,0.011347273597300195,0.6458569807037458,0.6751241036955322,D1 ANATEL/UFJF proxy
D1_ANATEL_UFJF_raw_drive_test_proxy,02_engineered_flattened_windows,engineered_time_windows,temporal_feature_engineering,classical_ml,Random_Forest,Random_Forest,5,1080.0,0.9097684923771882,0.00335006142838875,0.8977263351556601,0.009486441454098875,0.926374859708193,0.012437167386931616,0.9117305216650639,0.0034839523988383315,0.906784335355764,0.916164383561644,D1 ANATEL/UFJF proxy
D1_ANATEL_UFJF_raw_drive_test_proxy,02_engineered_flattened_windows,engineered_time_windows,temporal_feature_engineering,classical_ml,SVM,SVM,5,1080.0,0.768944099378882,0.007939346811235575,0.7728282806558429,0.00803805344383511,0.7658810325476992,0.009069406891509297,0.76932989854426,0.008060718742258043,0.7615819209039548,0.7790304396843292,D1 ANATEL/UFJF proxy
D1_ANATEL_UFJF_raw_drive_test_proxy,03_feature_selection_on_engineered,selected_engineered_features,feature_selection_anova_top_40,classical_ml,Decision_Tree,Decision_Tree,5,40.0,0.8222473178994918,0.01275415427535871,0.8177139674053523,0.008694024400022099,0.832547699214366,0.0363452725519919,0.8246588946388279,0.016511845022104968,0.8002302820955671,0.8443473511742218,D1 ANATEL/UFJF proxy
D1_ANATEL_UFJF_raw_drive_test_proxy,03_feature_selection_on_engineered,selected_engineered_features,feature_selection_anova_top_40,classical_ml,KNN,KNN,5,40.0,0.7845285149632976,0.009954557141067874,0.783991129714242,0.01062980815242732,0.7892255892255893,0.012150274839707648,0.7865686621034701,0.00997402135896758,0.7700055959709009,0.7964305633017289,D1 ANATEL/UFJF proxy
D1_ANATEL_UFJF_raw_drive_test_proxy,03_feature_selection_on_engineered,selected_engineered_features,feature_selection_anova_top_40,classical_ml,Logistic_Regression,Logistic_Regression,5,40.0,0.6431394692264257,0.01717788339376201,0.6280384998956248,0.018822213472240144,0.714702581369248,0.00986122677283449,0.6684498914391377,0.012057589942778923,0.6565126050420168,0.6846361185983828,D1 ANATEL/UFJF proxy
D1_ANATEL_UFJF_raw_drive_test_proxy,03_feature_selection_on_engineered,selected_engineered_features,feature_selection_anova_top_40,classical_ml,Random_Forest,Random_Forest,5,40.0,0.9197063805759458,0.009460250691613502,0.9133558935293828,0.012062966279055759,0.9286195286195286,0.012933656826835418,0.9208648767238806,0.009336022601712273,0.9098998887652948,0.9319313779745434,D1 ANATEL/UFJF proxy
D1_ANATEL_UFJF_raw_drive_test_proxy,03_feature_selection_on_engineered,selected_engineered_features,feature_selection_anova_top_40,classical_ml,SVM,SVM,5,40.0,0.7145115753811406,0.00849422412248074,0.7105945295081381,0.007143442819361822,0.7297418630751964,0.014791840159251717,0.7199998464644668,0.009718778560010131,0.7102493074792243,0.7335907335907336,D1 ANATEL/UFJF proxy
D1_ANATEL_UFJF_raw_drive_test_proxy,04_pca_on_engineered,pca_engineered_features,pca_0.95_feature_variance,classical_ml,Decision_Tree,Decision_Tree,5,117.2,0.7146245059288537,0.0077483030572170755,0.6976378833437563,0.00867060485902069,0.7647586980920315,0.03827144037274834,0.7291350232901683,0.01465107611804929,0.7073991031390134,0.741388174807198,D1 ANATEL/UFJF proxy
D1_ANATEL_UFJF_raw_drive_test_proxy,04_pca_on_engineered,pca_engineered_features,pca_0.95_feature_variance,classical_ml,KNN,KNN,5,117.2,0.8081309994353474,0.006455341654219219,0.7948962863566928,0.008247868858160463,0.8338945005611672,0.010735761206346221,0.8138808407710044,0.006394325749544583,0.8048378229796591,0.8204015192620727,D1 ANATEL/UFJF proxy
D1_ANATEL_UFJF_raw_drive_test_proxy,04_pca_on_engineered,pca_engineered_features,pca_0.95_feature_variance,classical_ml,Logistic_Regression,Logistic_Regression,5,117.2,0.661434217955957,0.0035845443812769964,0.6592825463839281,0.004870975652038563,0.6769921436588103,0.007951959409166466,0.6679849621611277,0.0036855888298175446,0.6640625,0.6740088105726872,D1 ANATEL/UFJF proxy
D1_ANATEL_UFJF_raw_drive_test_proxy,04_pca_on_engineered,pca_engineered_features,pca_0.95_feature_variance,classical_ml,Random_Forest,Random_Forest,5,117.2,0.7951439864483343,0.008787564145662575,0.7830737121812706,0.008037094621404537,0.8199775533108866,0.011893568387644406,0.8010798395883498,0.008918730464527517,0.7905442550852116,0.8153005464480875,D1 ANATEL/UFJF proxy
D1_ANATEL_UFJF_raw_drive_test_proxy,04_pca_on_engineered,pca_engineered_features,pca_0.95_feature_variance,classical_ml,SVM,SVM,5,117.2,0.7751552795031056,0.00998493815872727,0.7781119910877736,0.009840945797778741,0.7737373737373737,0.01197273656843509,0.7759021635659724,0.010221266436741292,0.7625493513818387,0.7865546218487395,D1 ANATEL/UFJF proxy
D1_ANATEL_UFJF_raw_drive_test_proxy,05_feature_selection_plus_pca,selected_pca_engineered_features,feature_selection_anova_plus_pca,classical_ml,Decision_Tree,Decision_Tree,5,4.2,0.7782044042913607,0.014871928406004247,0.7675513062608165,0.016611946523879775,0.8026936026936028,0.0321524826592308,0.7843821369351371,0.016452515692887908,0.7694025683975433,0.8080380750925437,D1 ANATEL/UFJF proxy
D1_ANATEL_UFJF_raw_drive_test_proxy,05_feature_selection_plus_pca,selected_pca_engineered_features,feature_selection_anova_plus_pca,classical_ml,KNN,KNN,5,4.2,0.778317334839074,0.014057471922869526,0.7769303070323506,0.015502345520883505,0.7849607182940517,0.021553497435075734,0.7807858985038754,0.014645130346998802,0.7575757575757576,0.7943820224719101,D1 ANATEL/UFJF proxy
D1_ANATEL_UFJF_raw_drive_test_proxy,05_feature_selection_plus_pca,selected_pca_engineered_features,feature_selection_anova_plus_pca,classical_ml,Logistic_Regression,Logistic_Regression,5,4.2,0.6377188029361942,0.01362557485185104,0.623117652519346,0.014088436047873215,0.7093153759820428,0.013444611168025757,0.6633349707024727,0.010745913691915894,0.6513809275664408,0.6778593913955928,D1 ANATEL/UFJF proxy
D1_ANATEL_UFJF_raw_drive_test_proxy,05_feature_selection_plus_pca,selected_pca_engineered_features,feature_selection_anova_plus_pca,classical_ml,Random_Forest,Random_Forest,5,4.2,0.847656691134952,0.012469752009896968,0.8466122145438311,0.020852177339437082,0.8520763187429854,0.00422928028763562,0.849222738582144,0.010489189217090905,0.8379272326350606,0.8602029312288614,D1 ANATEL/UFJF proxy
D1_ANATEL_UFJF_raw_drive_test_proxy,05_feature_selection_plus_pca,selected_pca_engineered_features,feature_selection_anova_plus_pca,classical_ml,SVM,SVM,5,4.2,0.711236589497459,0.0052606729300292065,0.7043261337509987,0.006510311729272849,0.7344556677890012,0.011516923485849831,0.7190194120757147,0.005825256994659657,0.7106710671067107,0.7252867285636264,D1 ANATEL/UFJF proxy
D1_ANATEL_UFJF_raw_drive_test_proxy,06_direct_deep_learning,engineered_sequence_features,deep_temporal_learning,deep_learning_direct,GRU,direct_sigmoid,5,108.0,0.8858272162619988,0.02531949723813626,0.8892440425062349,0.0241644492229126,0.8830527497194163,0.030617316863633483,0.8860517400358168,0.025745367336888626,0.8459796149490374,0.9053680132816824,D1 ANATEL/UFJF proxy
D1_ANATEL_UFJF_raw_drive_test_proxy,06_direct_deep_learning,engineered_sequence_features,deep_temporal_learning,deep_learning_direct,LSTM,direct_sigmoid,5,108.0,0.8850367024280068,0.009445072456287508,0.8900547254542482,0.014824924931842101,0.8805836139169472,0.018638863459410803,0.8851229779085534,0.009783985859681878,0.8708571428571429,0.8955890563930765,D1 ANATEL/UFJF proxy
D1_ANATEL_UFJF_raw_drive_test_proxy,06_direct_deep_learning,engineered_sequence_features,deep_temporal_learning,deep_learning_direct,TCN,direct_sigmoid,5,108.0,0.8409937888198759,0.019521801772441654,0.8351582938846601,0.03447059364296278,0.8540965207631874,0.012747269014142014,0.8441184496306539,0.016080238243878647,0.8205689277899344,0.8610634648370498,D1 ANATEL/UFJF proxy
D1_ANATEL_UFJF_raw_drive_test_proxy,06_direct_deep_learning,engineered_sequence_features,deep_temporal_learning,deep_learning_direct,Transformer,direct_sigmoid,5,108.0,0.8299265951439864,0.018114707572930825,0.8319516440438146,0.024089630653094107,0.8305274971941639,0.031961909912229254,0.8307960640487503,0.01871530809191528,0.8086314593980692,0.851328434143584,D1 ANATEL/UFJF proxy
D1_ANATEL_UFJF_raw_drive_test_proxy,07_individual_deep_features_to_classifiers,GRU_deep_features,GRU_as_feature_extractor,classical_ml,Decision_Tree,Decision_Tree,5,32.0,0.8821005081874647,0.027306667152322,0.8887984065179841,0.024624041832845826,0.8749719416386084,0.03197767022379464,0.8817976862967949,0.028033026168551366,0.8409610983981693,0.9076487252124644,D1 ANATEL/UFJF proxy
D1_ANATEL_UFJF_raw_drive_test_proxy,07_individual_deep_features_to_classifiers,GRU_deep_features,GRU_as_feature_extractor,classical_ml,KNN,KNN,5,32.0,0.9007340485601356,0.014191780232683466,0.9038034912323581,0.014445980310818828,0.8983164983164983,0.013963933571264426,0.90104949000873,0.014117373647878358,0.8785151856017998,0.9114495205865764,D1 ANATEL/UFJF proxy
D1_ANATEL_UFJF_raw_drive_test_proxy,07_individual_deep_features_to_classifiers,GRU_deep_features,GRU_as_feature_extractor,classical_ml,Logistic_Regression,Logistic_Regression,5,32.0,0.8895539243365331,0.0251717352373057,0.8917917510980409,0.02419578750843338,0.8882154882154882,0.027817144954899453,0.8899679603641486,0.025401955876909924,0.8493771234428086,0.9094972067039108,D1 ANATEL/UFJF proxy
D1_ANATEL_UFJF_raw_drive_test_proxy,07_individual_deep_features_to_classifiers,GRU_deep_features,GRU_as_feature_extractor,classical_ml,Random_Forest,Random_Forest,5,32.0,0.9003952569169961,0.014558845731887864,0.9052974724594417,0.01745623353706113,0.8958473625140293,0.011008035766769278,0.9005367555048259,0.014138741825506316,0.8784313725490196,0.9117647058823528,D1 ANATEL/UFJF proxy
D1_ANATEL_UFJF_raw_drive_test_proxy,07_individual_deep_features_to_classifiers,GRU_deep_features,GRU_as_feature_extractor,classical_ml,SVM,SVM,5,32.0,0.8918125352907962,0.022690329844589168,0.8909542358225645,0.023428257942564232,0.8945005611672279,0.0220646501137346,0.8927113049021307,0.02245426960589995,0.8590679393599102,0.911648846370287,D1 ANATEL/UFJF proxy
D1_ANATEL_UFJF_raw_drive_test_proxy,07_individual_deep_features_to_classifiers,LSTM_deep_features,LSTM_as_feature_extractor,classical_ml,Decision_Tree,Decision_Tree,5,32.0,0.8775832862789384,0.009186676205541136,0.8781539888710602,0.014103924828369432,0.8787878787878787,0.005264215218657017,0.8784322565045246,0.008403808186595587,0.8663697104677061,0.8869960249858035,D1 ANATEL/UFJF proxy
D1_ANATEL_UFJF_raw_drive_test_proxy,07_individual_deep_features_to_classifiers,LSTM_deep_features,LSTM_as_feature_extractor,classical_ml,KNN,KNN,5,32.0,0.8954263128176173,0.00836944129095925,0.8955994627040729,0.00967169760993663,0.8967452300785634,0.011904154565430073,0.8961309520240122,0.008433171101381353,0.8865287870318613,0.905954368391764,D1 ANATEL/UFJF proxy
D1_ANATEL_UFJF_raw_drive_test_proxy,07_individual_deep_features_to_classifiers,LSTM_deep_features,LSTM_as_feature_extractor,classical_ml,Logistic_Regression,Logistic_Regression,5,32.0,0.8878599661208357,0.009922476628566353,0.8900719038171886,0.015138157359779119,0.8868686868686868,0.012279180154081127,0.8883800068283737,0.00956597930460739,0.8742985409652076,0.9003359462486002,D1 ANATEL/UFJF proxy
D1_ANATEL_UFJF_raw_drive_test_proxy,07_individual_deep_features_to_classifiers,LSTM_deep_features,LSTM_as_feature_extractor,classical_ml,Random_Forest,Random_Forest,5,32.0,0.8972332015810277,0.008450948360867233,0.9006334871873254,0.01036510771274112,0.8945005611672279,0.011138851426082641,0.897517930400953,0.008468668461444822,0.8860045146726863,0.905027932960894,D1 ANATEL/UFJF proxy
D1_ANATEL_UFJF_raw_drive_test_proxy,07_individual_deep_features_to_classifiers,LSTM_deep_features,LSTM_as_feature_extractor,classical_ml,SVM,SVM,5,32.0,0.8885375494071146,0.009470356000556443,0.8880763264939668,0.017443560264893992,0.8911335578002244,0.01211393554709482,0.8894698775400176,0.008750450897789216,0.8768802228412256,0.8997772828507795,D1 ANATEL/UFJF proxy
D1_ANATEL_UFJF_raw_drive_test_proxy,07_individual_deep_features_to_classifiers,TCN_deep_features,TCN_as_feature_extractor,classical_ml,Decision_Tree,Decision_Tree,5,32.0,0.8412196499153021,0.014447829547087456,0.8325044013225613,0.024821462794666786,0.857912457912458,0.017142717382826054,0.8447249479029967,0.012362332241316634,0.8247422680412371,0.8568306010928962,D1 ANATEL/UFJF proxy
D1_ANATEL_UFJF_raw_drive_test_proxy,07_individual_deep_features_to_classifiers,TCN_deep_features,TCN_as_feature_extractor,classical_ml,KNN,KNN,5,32.0,0.8787125917560701,0.002890227869468012,0.8743282131363876,0.007313097070272659,0.8864197530864197,0.005347308305082652,0.880300231166071,0.0023849947216012368,0.8761799000555247,0.8822535211267606,D1 ANATEL/UFJF proxy
D1_ANATEL_UFJF_raw_drive_test_proxy,07_individual_deep_features_to_classifiers,TCN_deep_features,TCN_as_feature_extractor,classical_ml,Logistic_Regression,Logistic_Regression,5,32.0,0.8500282326369282,0.018852976180734282,0.8515927369929575,0.02115007803761953,0.8502805836139169,0.020164574349248704,0.8508621008713224,0.018590214539715006,0.8201680672268907,0.8651109846328969,D1 ANATEL/UFJF proxy
D1_ANATEL_UFJF_raw_drive_test_proxy,07_individual_deep_features_to_classifiers,TCN_deep_features,TCN_as_feature_extractor,classical_ml,Random_Forest,Random_Forest,5,32.0,0.8910220214568041,0.011377437424963163,0.8881774794669675,0.012452520448460512,0.8962962962962961,0.012687840862906915,0.8921901857852974,0.011254746638484789,0.8791946308724832,0.90695067264574,D1 ANATEL/UFJF proxy
D1_ANATEL_UFJF_raw_drive_test_proxy,07_individual_deep_features_to_classifiers,TCN_deep_features,TCN_as_feature_extractor,classical_ml,SVM,SVM,5,32.0,0.8587238848108413,0.01986903792143178,0.8533783871644133,0.022736908009605053,0.8686868686868687,0.018149227417279687,0.8609085921189357,0.01908709552061806,0.8307522123893806,0.8813940415964024,D1 ANATEL/UFJF proxy
D1_ANATEL_UFJF_raw_drive_test_proxy,07_individual_deep_features_to_classifiers,Transformer_deep_features,Transformer_as_feature_extractor,classical_ml,Decision_Tree,Decision_Tree,5,32.0,0.8415584415584416,0.012074858204019016,0.841016051784473,0.016594441116620347,0.8451178451178452,0.01415209900439785,0.8429602819798152,0.011547774781164248,0.8341880341880342,0.8626126126126126,D1 ANATEL/UFJF proxy
D1_ANATEL_UFJF_raw_drive_test_proxy,07_individual_deep_features_to_classifiers,Transformer_deep_features,Transformer_as_feature_extractor,classical_ml,KNN,KNN,5,32.0,0.8755505364201017,0.008371345817389797,0.873795301633044,0.0067962985061726195,0.879685746352413,0.012124329316099988,0.8767113128100054,0.008628883447460945,0.8699050809603573,0.8917268184342032,D1 ANATEL/UFJF proxy
D1_ANATEL_UFJF_raw_drive_test_proxy,07_individual_deep_features_to_classifiers,Transformer_deep_features,Transformer_as_feature_extractor,classical_ml,Logistic_Regression,Logistic_Regression,5,32.0,0.8439299830604178,0.011054798945462447,0.8434176968028877,0.01238560659012512,0.8471380471380471,0.011967474983224495,0.8452438474819518,0.010819972842202956,0.8324986087924319,0.8614525139664805,D1 ANATEL/UFJF proxy
D1_ANATEL_UFJF_raw_drive_test_proxy,07_individual_deep_features_to_classifiers,Transformer_deep_features,Transformer_as_feature_extractor,classical_ml,Random_Forest,Random_Forest,5,32.0,0.8858272162619988,0.008931514168129227,0.8846748162625481,0.011510906457592335,0.8891133557800224,0.014512439843092832,0.8868071316251444,0.009002235047002542,0.8753493571827837,0.9,D1 ANATEL/UFJF proxy
D1_ANATEL_UFJF_raw_drive_test_proxy,07_individual_deep_features_to_classifiers,Transformer_deep_features,Transformer_as_feature_extractor,classical_ml,SVM,SVM,5,32.0,0.8554488989271597,0.012234866561276416,0.8515045988081476,0.012957935431039791,0.8632996632996633,0.013731981072217977,0.8573306331546726,0.012054753046136953,0.8466666666666667,0.8743047830923248,D1 ANATEL/UFJF proxy
D1_ANATEL_UFJF_raw_drive_test_proxy,08_combined_deep_features_to_classifiers,LSTM_GRU_TCN_Transformer_deep_features,combined_deep_feature_extraction,classical_ml,Decision_Tree,Decision_Tree,5,128.0,0.8947487295313383,0.009057353786465406,0.8994671626577821,0.013085653403690625,0.8904601571268238,0.0076779489905665485,0.8949042843995013,0.008591796797347112,0.8828125,0.904494382022472,D1 ANATEL/UFJF proxy
D1_ANATEL_UFJF_raw_drive_test_proxy,08_combined_deep_features_to_classifiers,LSTM_GRU_TCN_Transformer_deep_features,combined_deep_feature_extraction,classical_ml,KNN,KNN,5,128.0,0.919932241671372,0.006931672970942502,0.9106632902489797,0.010748892418914748,0.9324354657687991,0.0065634978752922134,0.9213878499228185,0.006527796278977058,0.9116022099447514,0.9279731993299832,D1 ANATEL/UFJF proxy
D1_ANATEL_UFJF_raw_drive_test_proxy,08_combined_deep_features_to_classifiers,LSTM_GRU_TCN_Transformer_deep_features,combined_deep_feature_extraction,classical_ml,Logistic_Regression,Logistic_Regression,5,128.0,0.9085262563523433,0.008945781771741927,0.9130381109542183,0.010582767058202377,0.9043771043771045,0.010267980257223553,0.9086612616057751,0.00890503502278474,0.8970174451322454,0.9203839638622248,D1 ANATEL/UFJF proxy
D1_ANATEL_UFJF_raw_drive_test_proxy,08_combined_deep_features_to_classifiers,LSTM_GRU_TCN_Transformer_deep_features,combined_deep_feature_extraction,classical_ml,Random_Forest,Random_Forest,5,128.0,0.9175607001693958,0.007153506188210099,0.9189454750255663,0.011384444104951262,0.9171717171717173,0.009166113126417678,0.9180060659283091,0.006922149091271334,0.9098998887652948,0.927846674182638,D1 ANATEL/UFJF proxy
D1_ANATEL_UFJF_raw_drive_test_proxy,08_combined_deep_features_to_classifiers,LSTM_GRU_TCN_Transformer_deep_features,combined_deep_feature_extraction,classical_ml,SVM,SVM,5,128.0,0.9121400338791643,0.010755115483509077,0.9128292385107158,0.01496805314560901,0.912682379349046,0.008708042532557126,0.9127156873308575,0.010264089264726639,0.8966666666666666,0.9235095613048367,D1 ANATEL/UFJF proxy
D2_urban_multi_operator_public_proxy,01_raw_flattened_windows,raw_time_windows,none_raw_baseline,classical_ml,Decision_Tree,Decision_Tree,5,490.0,0.6639721755530185,0.048617003664099934,0.3097374538332869,0.04064725463552644,0.6558197275337834,0.04743038985713553,0.4196007289297814,0.042062458839614486,0.3746556473829201,0.4648014440433213,D2 Urban proxy
D2_urban_multi_operator_public_proxy,01_raw_flattened_windows,raw_time_windows,none_raw_baseline,classical_ml,KNN,KNN,5,490.0,0.7756332999106297,0.038295964361335616,0.34480169972521446,0.0609243239970929,0.21864435383942799,0.031902858942319076,0.2650148368863996,0.032813168675792155,0.2287085165933626,0.3024149286498353,D2 Urban proxy
D2_urban_multi_operator_public_proxy,01_raw_flattened_windows,raw_time_windows,none_raw_baseline,classical_ml,Logistic_Regression,Logistic_Regression,5,490.0,0.674477503875281,0.039598264525655895,0.3204090376185085,0.051879689841245066,0.6646046943511766,0.0346186341961656,0.43019612075010727,0.04912076821391366,0.374633431085044,0.4711004353700646,D2 Urban proxy
D2_urban_multi_operator_public_proxy,01_raw_flattened_windows,raw_time_windows,none_raw_baseline,classical_ml,Random_Forest,Random_Forest,5,490.0,0.8166169030796979,0.041968360600516605,0.5451384314327858,0.11166020949655384,0.23821268160723785,0.044883390212338434,0.3267474726691353,0.04898392743920094,0.2760487144790257,0.3991829588561424,D2 Urban proxy
D2_urban_multi_operator_public_proxy,01_raw_flattened_windows,raw_time_windows,none_raw_baseline,classical_ml,SVM,SVM,5,490.0,0.7225780701217664,0.04529703033469167,0.3554438530668063,0.048136036180802706,0.587069155930859,0.07365288954609601,0.4383524988942501,0.031754817412202235,0.393206381883685,0.4679656538969617,D2 Urban proxy
D2_urban_multi_operator_public_proxy,02_engineered_flattened_windows,engineered_time_windows,temporal_feature_engineering,classical_ml,Decision_Tree,Decision_Tree,5,5880.0,0.6488437371864688,0.04750073682127114,0.29191776134247405,0.05015545872500322,0.6137911662272695,0.05259423113079772,0.3928203269700162,0.0471522510168781,0.331558395456159,0.4526846633046574,D2 Urban proxy
D2_urban_multi_operator_public_proxy,02_engineered_flattened_windows,engineered_time_windows,temporal_feature_engineering,classical_ml,KNN,KNN,5,5880.0,0.776605301538494,0.03952351390729625,0.3176997087382011,0.05999151073908572,0.1644235356328705,0.02641360428867032,0.21428978848888378,0.030066942494017843,0.1797655232305688,0.2603479304139172,D2 Urban proxy
D2_urban_multi_operator_public_proxy,02_engineered_flattened_windows,engineered_time_windows,temporal_feature_engineering,classical_ml,Logistic_Regression,Logistic_Regression,5,5880.0,0.6885721821452478,0.035599942562137776,0.31289345923331346,0.04600696663566345,0.5626025318716154,0.02754277988266792,0.40038294734337604,0.039892483068413816,0.3508771929824561,0.445010183299389,D2 Urban proxy
D2_urban_multi_operator_public_proxy,02_engineered_flattened_windows,engineered_time_windows,temporal_feature_engineering,classical_ml,Random_Forest,Random_Forest,5,5880.0,0.8149793779684614,0.044316953645858054,0.5343771044427125,0.12186535155284381,0.169906455010022,0.04333167258978439,0.2560989032509122,0.06068557486138635,0.1992481203007518,0.327796234772979,D2 Urban proxy
D2_urban_multi_operator_public_proxy,02_engineered_flattened_windows,engineered_time_windows,temporal_feature_engineering,classical_ml,SVM,SVM,5,5880.0,0.7536109080849087,0.0413182475038637,0.37923210276669905,0.05831534759564108,0.4870185063435903,0.04284463410421296,0.4229838789889536,0.03613417870775244,0.3735717834078489,0.4681914280222948,D2 Urban proxy
D2_urban_multi_operator_public_proxy,03_feature_selection_on_engineered,selected_engineered_features,feature_selection_anova_top_40,classical_ml,Decision_Tree,Decision_Tree,5,40.0,0.6244578337110074,0.03348225950517816,0.2760425873195217,0.0489756723012748,0.6274410477368685,0.03358891673863087,0.38181650984822024,0.05170957379359392,0.3108848864526233,0.4312398882188557,D2 Urban proxy
D2_urban_multi_operator_public_proxy,03_feature_selection_on_engineered,selected_engineered_features,feature_selection_anova_top_40,classical_ml,KNN,KNN,5,40.0,0.7851997756372113,0.037972233341467404,0.3497909865694075,0.05419848176955706,0.1671635619815518,0.023773172114190794,0.2234326508278554,0.018104022824761,0.1996047430830039,0.2439222042139384,D2 Urban proxy
D2_urban_multi_operator_public_proxy,03_feature_selection_on_engineered,selected_engineered_features,feature_selection_anova_top_40,classical_ml,Logistic_Regression,Logistic_Regression,5,40.0,0.641507228228352,0.031266029958173895,0.29722231216884276,0.0544216083284303,0.6791243475167372,0.03197264083559701,0.41179117513023344,0.05803780566066261,0.3342215454891511,0.4655418930511867,D2 Urban proxy
D2_urban_multi_operator_public_proxy,03_feature_selection_on_engineered,selected_engineered_features,feature_selection_anova_top_40,classical_ml,Random_Forest,Random_Forest,5,40.0,0.7715403392221489,0.03382591676119128,0.36350664230462876,0.05870365519015052,0.28975201422806685,0.028226477054187807,0.31915382927888464,0.022934117876556907,0.2975958414554905,0.3575268817204301,D2 Urban proxy
D2_urban_multi_operator_public_proxy,03_feature_selection_on_engineered,selected_engineered_features,feature_selection_anova_top_40,classical_ml,SVM,SVM,5,40.0,0.6469230884186054,0.03298660807622867,0.29815115136296855,0.05420477483978439,0.660488934871839,0.01919734293017967,0.40886692620792786,0.05442733211063732,0.3501552795031056,0.4600677155945031,D2 Urban proxy
D2_urban_multi_operator_public_proxy,04_pca_on_engineered,pca_engineered_features,pca_0.95_feature_variance,classical_ml,Decision_Tree,Decision_Tree,5,420.2,0.61851080772692,0.03314751412852245,0.24668904959997362,0.05336557113475497,0.5053250124855854,0.024670625284181995,0.3294934615685222,0.05321029107728182,0.256107171000788,0.3887820512820513,D2 Urban proxy
D2_urban_multi_operator_public_proxy,04_pca_on_engineered,pca_engineered_features,pca_0.95_feature_variance,classical_ml,KNN,KNN,5,420.2,0.774960920895704,0.04017688840423724,0.3142546131036201,0.05460698993713419,0.16897417157214953,0.025047683128003068,0.21777345856899397,0.028027729632020843,0.1859083191850594,0.2546528803545052,D2 Urban proxy
D2_urban_multi_operator_public_proxy,04_pca_on_engineered,pca_engineered_features,pca_0.95_feature_variance,classical_ml,Logistic_Regression,Logistic_Regression,5,420.2,0.6809225322154797,0.04656789654239707,0.32283519757585977,0.046678869666974744,0.6519420337810768,0.05597128962652181,0.4305732638238875,0.04908404066242172,0.3733121525019857,0.480231716147719,D2 Urban proxy
D2_urban_multi_operator_public_proxy,04_pca_on_engineered,pca_engineered_features,pca_0.95_feature_variance,classical_ml,Random_Forest,Random_Forest,5,420.2,0.8123688667729585,0.04600027052071415,0.5294789734075448,0.22496094583821913,0.02315944516441294,0.016768468702069342,0.0440678310874129,0.031042054079707157,0.0101910828025477,0.0926430517711171,D2 Urban proxy
D2_urban_multi_operator_public_proxy,04_pca_on_engineered,pca_engineered_features,pca_0.95_feature_variance,classical_ml,SVM,SVM,5,420.2,0.7470421433006427,0.042922825114539924,0.3712166717639849,0.05458378042427086,0.4975958850005241,0.048283400701266944,0.4216221137889985,0.03340416529401991,0.3833253473885961,0.4658963846440551,D2 Urban proxy
D2_urban_multi_operator_public_proxy,05_feature_selection_plus_pca,selected_pca_engineered_features,feature_selection_anova_plus_pca,classical_ml,Decision_Tree,Decision_Tree,5,10.0,0.6318865101390262,0.052578835511099,0.26863845423356053,0.045095079244200136,0.5681759380412534,0.06251685309843705,0.36366297189111413,0.05055000564100981,0.3059019118869493,0.4158027458671897,D2 Urban proxy
D2_urban_multi_operator_public_proxy,05_feature_selection_plus_pca,selected_pca_engineered_features,feature_selection_anova_plus_pca,classical_ml,KNN,KNN,5,10.0,0.782093924670159,0.035615878987373915,0.3350071079752835,0.06882748347436635,0.1600215586210311,0.012491610295438072,0.2140525896060756,0.014701033676350292,0.1965601965601965,0.2357756856324191,D2 Urban proxy
D2_urban_multi_operator_public_proxy,05_feature_selection_plus_pca,selected_pca_engineered_features,feature_selection_anova_plus_pca,classical_ml,Logistic_Regression,Logistic_Regression,5,10.0,0.6399492217317425,0.03240321218450843,0.297563011445127,0.05327692509680654,0.6874517078206834,0.02829943678445618,0.4137114325361525,0.056834709727067306,0.3393939393939394,0.4645546242363972,D2 Urban proxy
D2_urban_multi_operator_public_proxy,05_feature_selection_plus_pca,selected_pca_engineered_features,feature_selection_anova_plus_pca,classical_ml,Random_Forest,Random_Forest,5,10.0,0.7733849747302406,0.030573041879741372,0.3636593865478681,0.062592470981749,0.27414678425719174,0.023587086001169967,0.3086074445059294,0.013144005940224725,0.2884057971014492,0.3242477876106194,D2 Urban proxy
D2_urban_multi_operator_public_proxy,05_feature_selection_plus_pca,selected_pca_engineered_features,feature_selection_anova_plus_pca,classical_ml,SVM,SVM,5,10.0,0.6405278275912643,0.03049997975430632,0.2945671765982166,0.05326471670891602,0.6683850062074328,0.02320986583183353,0.40729183686194326,0.05588136154735969,0.3416125334352312,0.4559398496240601,D2 Urban proxy
D2_urban_multi_operator_public_proxy,06_direct_deep_learning,engineered_sequence_features,deep_temporal_learning,deep_learning_direct,GRU,direct_sigmoid,5,588.0,0.6784522419377514,0.06860245727564417,0.3202701543384921,0.024848970032905746,0.6444250413810564,0.08062306414503838,0.42754558730237935,0.03884810225635849,0.3789764868603043,0.475499629903775,D2 Urban proxy
D2_urban_multi_operator_public_proxy,06_direct_deep_learning,engineered_sequence_features,deep_temporal_learning,deep_learning_direct,LSTM,direct_sigmoid,5,588.0,0.6779443751583248,0.07073669408154616,0.3116703237390297,0.02276777249373149,0.6023309942809625,0.1009909213772399,0.4096997237277309,0.04104301669567781,0.3543543543543543,0.4528853177501826,D2 Urban proxy
D2_urban_multi_operator_public_proxy,06_direct_deep_learning,engineered_sequence_features,deep_temporal_learning,deep_learning_direct,TCN,direct_sigmoid,5,588.0,0.6383235452248266,0.057452507429801285,0.277500714020746,0.05858251286491303,0.5759189060976532,0.1442080738477499,0.3667392788571616,0.05507541156202469,0.3099510603588907,0.4375663247258578,D2 Urban proxy
D2_urban_multi_operator_public_proxy,06_direct_deep_learning,engineered_sequence_features,deep_temporal_learning,deep_learning_direct,Transformer,direct_sigmoid,5,588.0,0.6593510288754941,0.036683911223608506,0.29150293142969314,0.04167692458348567,0.5829581696740951,0.0584055676986153,0.3866508593715846,0.040960951169586826,0.3391812865497076,0.4210526315789473,D2 Urban proxy
D2_urban_multi_operator_public_proxy,07_individual_deep_features_to_classifiers,GRU_deep_features,GRU_as_feature_extractor,classical_ml,Decision_Tree,Decision_Tree,5,32.0,0.6826193472408056,0.051821504668565804,0.31588058989505735,0.04074497630099059,0.5984120607533044,0.05608404556456502,0.4113258922126735,0.03633630493035567,0.3674488267598602,0.4502244929555659,D2 Urban proxy
D2_urban_multi_operator_public_proxy,07_individual_deep_features_to_classifiers,GRU_deep_features,GRU_as_feature_extractor,classical_ml,KNN,KNN,5,32.0,0.7722658241895024,0.046955097567609,0.3703110611279167,0.05506776497503843,0.3027126214196346,0.05587491429168891,0.3298272269028799,0.04088232574878857,0.2935635792778649,0.3908147493928019,D2 Urban proxy
D2_urban_multi_operator_public_proxy,07_individual_deep_features_to_classifiers,GRU_deep_features,GRU_as_feature_extractor,classical_ml,Logistic_Regression,Logistic_Regression,5,32.0,0.6921176710588989,0.052990170319179145,0.3310439798413237,0.032642946987115465,0.6411409544711703,0.05002636218837549,0.43581938172906626,0.034450475581629426,0.3912003825920612,0.4731533669534263,D2 Urban proxy
D2_urban_multi_operator_public_proxy,07_individual_deep_features_to_classifiers,GRU_deep_features,GRU_as_feature_extractor,classical_ml,Random_Forest,Random_Forest,5,32.0,0.7683040950289406,0.055669391448720344,0.388795661701716,0.033682286733375665,0.39537429908628996,0.07208682328444793,0.38770159570812507,0.029152445482585596,0.361271676300578,0.4331530139103555,D2 Urban proxy
D2_urban_multi_operator_public_proxy,07_individual_deep_features_to_classifiers,GRU_deep_features,GRU_as_feature_extractor,classical_ml,SVM,SVM,5,32.0,0.6873870264379922,0.049314133184047884,0.3275330504108062,0.03962461121723299,0.6434469113077187,0.03514814948110966,0.43301928163099823,0.03867007449164762,0.3853427895981087,0.4704455895725977,D2 Urban proxy
D2_urban_multi_operator_public_proxy,07_individual_deep_features_to_classifiers,LSTM_deep_features,LSTM_as_feature_extractor,classical_ml,Decision_Tree,Decision_Tree,5,32.0,0.6903063967166128,0.054683605927040156,0.31207323345355553,0.03647952624755363,0.5511076579105083,0.0537752305390852,0.3976133180206266,0.038843004742145144,0.3460410557184751,0.4316118935837246,D2 Urban proxy
D2_urban_multi_operator_public_proxy,07_individual_deep_features_to_classifiers,LSTM_deep_features,LSTM_as_feature_extractor,classical_ml,KNN,KNN,5,32.0,0.7779325125224645,0.0432519812376929,0.3720296458662422,0.04509585490094338,0.27351584971987225,0.040023939923252684,0.31377869669819464,0.0364446321831689,0.2657657657657657,0.3504424778761062,D2 Urban proxy
D2_urban_multi_operator_public_proxy,07_individual_deep_features_to_classifiers,LSTM_deep_features,LSTM_as_feature_extractor,classical_ml,Logistic_Regression,Logistic_Regression,5,32.0,0.6889000228710043,0.06586373149727631,0.32032534932431866,0.026621197282702774,0.5932486792194588,0.05574203478788878,0.4154867066975193,0.0318403276785554,0.3763132760267431,0.4445099484156227,D2 Urban proxy
D2_urban_multi_operator_public_proxy,07_individual_deep_features_to_classifiers,LSTM_deep_features,LSTM_as_feature_extractor,classical_ml,Random_Forest,Random_Forest,5,32.0,0.7707997616594937,0.046666790891619264,0.37773977450463325,0.029045525868123208,0.35169362192259124,0.052331913015345115,0.36275771465498735,0.03550375126186848,0.3113342898134864,0.3935395814376706,D2 Urban proxy
D2_urban_multi_operator_public_proxy,07_individual_deep_features_to_classifiers,LSTM_deep_features,LSTM_as_feature_extractor,classical_ml,SVM,SVM,5,32.0,0.6882698325429812,0.061393886461866456,0.32012916263851726,0.028803497756389743,0.5994744746941955,0.06582014821718368,0.416761978887825,0.03645402043928827,0.3757808745795291,0.4589151844774364,D2 Urban proxy
D2_urban_multi_operator_public_proxy,07_individual_deep_features_to_classifiers,TCN_deep_features,TCN_as_feature_extractor,classical_ml,Decision_Tree,Decision_Tree,5,32.0,0.672546268533884,0.022536268593182564,0.2839290591256366,0.04957230438412485,0.4952788868063953,0.04892791562797759,0.35723614034043616,0.03895323431828774,0.3173241852487135,0.4009274121633672,D2 Urban proxy
D2_urban_multi_operator_public_proxy,07_individual_deep_features_to_classifiers,TCN_deep_features,TCN_as_feature_extractor,classical_ml,KNN,KNN,5,32.0,0.7604601114087916,0.038195852250418896,0.3128998995300942,0.054718347833405595,0.23426073335017833,0.028708695887942812,0.2658920749363756,0.030094634957690915,0.2236842105263158,0.3046218487394957,D2 Urban proxy
D2_urban_multi_operator_public_proxy,07_individual_deep_features_to_classifiers,TCN_deep_features,TCN_as_feature_extractor,classical_ml,Logistic_Regression,Logistic_Regression,5,32.0,0.6822729778862722,0.023351474558103203,0.2978580451129553,0.0517751056047417,0.5227257108871267,0.07003696238249178,0.3761818417978914,0.048899524149592095,0.3336267605633803,0.4409226976580384,D2 Urban proxy
D2_urban_multi_operator_public_proxy,07_individual_deep_features_to_classifiers,TCN_deep_features,TCN_as_feature_extractor,classical_ml,Random_Forest,Random_Forest,5,32.0,0.7612777512923987,0.035360083302400126,0.334123125255023,0.056188596964789554,0.2829149680245888,0.03324631352530094,0.30494745872021,0.03848968833867213,0.2728571428571428,0.3680830039525691,D2 Urban proxy
D2_urban_multi_operator_public_proxy,07_individual_deep_features_to_classifiers,TCN_deep_features,TCN_as_feature_extractor,classical_ml,SVM,SVM,5,32.0,0.6737520438774274,0.01952263942106775,0.29581339921312433,0.05353452105038892,0.5455702413809604,0.061732414255318106,0.3803864351618681,0.04924699423792122,0.3319397993311037,0.4455222587909233,D2 Urban proxy
D2_urban_multi_operator_public_proxy,07_individual_deep_features_to_classifiers,Transformer_deep_features,Transformer_as_feature_extractor,classical_ml,Decision_Tree,Decision_Tree,5,32.0,0.6661250175533261,0.0232444718041963,0.2856114668122814,0.05391714575570316,0.5198879830099481,0.039552052559710796,0.36441197583591645,0.04075754249157538,0.3142857142857143,0.4096219931271477,D2 Urban proxy
D2_urban_multi_operator_public_proxy,07_individual_deep_features_to_classifiers,Transformer_deep_features,Transformer_as_feature_extractor,classical_ml,KNN,KNN,5,32.0,0.7561107335044309,0.02688087699679516,0.3177543659377259,0.06756723998979337,0.26106413135271744,0.05118593855502781,0.28143272740027825,0.03903436267038746,0.2279863481228669,0.3376068376068376,D2 Urban proxy
D2_urban_multi_operator_public_proxy,07_individual_deep_features_to_classifiers,Transformer_deep_features,Transformer_as_feature_extractor,classical_ml,Logistic_Regression,Logistic_Regression,5,32.0,0.673813748365044,0.03746095767992074,0.2982631610177166,0.048861470986964174,0.5614515638178594,0.056995431639168474,0.38852175693059304,0.05261296468527699,0.3239308462238398,0.445993031358885,D2 Urban proxy
D2_urban_multi_operator_public_proxy,07_individual_deep_features_to_classifiers,Transformer_deep_features,Transformer_as_feature_extractor,classical_ml,Random_Forest,Random_Forest,5,32.0,0.7623818372691724,0.03342554764365455,0.3430662167158693,0.05457994895405403,0.29588480801252376,0.056269755658662525,0.31337847199696844,0.03688126837125555,0.2677942212825934,0.3699825479930192,D2 Urban proxy
D2_urban_multi_operator_public_proxy,07_individual_deep_features_to_classifiers,Transformer_deep_features,Transformer_as_feature_extractor,classical_ml,SVM,SVM,5,32.0,0.6676199740786448,0.03299028600766675,0.29961421640143004,0.04900297820442513,0.5869932167307815,0.033568256636811844,0.3946920772639857,0.045419661038333864,0.3437757625721352,0.4400447070094204,D2 Urban proxy
D2_urban_multi_operator_public_proxy,08_combined_deep_features_to_classifiers,LSTM_GRU_TCN_Transformer_deep_features,combined_deep_feature_extraction,classical_ml,Decision_Tree,Decision_Tree,5,128.0,0.7066920937691061,0.053983391070638216,0.3222542926815903,0.03837155305291732,0.5141600088115024,0.04832682555592207,0.39475524657410127,0.03588965264539612,0.3494029190623617,0.4447791164658634,D2 Urban proxy
D2_urban_multi_operator_public_proxy,08_combined_deep_features_to_classifiers,LSTM_GRU_TCN_Transformer_deep_features,combined_deep_feature_extraction,classical_ml,KNN,KNN,5,128.0,0.7697616447911801,0.043464006970429944,0.35478410290106793,0.0378338862063952,0.28544029868839604,0.047915649403306726,0.3144903318155117,0.03806422549515998,0.2714600146735143,0.3532727842154713,D2 Urban proxy
D2_urban_multi_operator_public_proxy,08_combined_deep_features_to_classifiers,LSTM_GRU_TCN_Transformer_deep_features,combined_deep_feature_extraction,classical_ml,Logistic_Regression,Logistic_Regression,5,128.0,0.7142292693050771,0.04501347404628226,0.34036315413463497,0.03505904094391022,0.5673597099893833,0.06212393155712277,0.4228488955379496,0.026888704439747085,0.3982642237222758,0.4645413142485361,D2 Urban proxy
D2_urban_multi_operator_public_proxy,08_combined_deep_features_to_classifiers,LSTM_GRU_TCN_Transformer_deep_features,combined_deep_feature_extraction,classical_ml,Random_Forest,Random_Forest,5,128.0,0.7828982524190569,0.04767315329074194,0.40428397606896294,0.026994998006307332,0.33642271231489196,0.056244428447650686,0.3653726320564306,0.03758865614255169,0.3291697281410727,0.4241881298992161,D2 Urban proxy
D2_urban_multi_operator_public_proxy,08_combined_deep_features_to_classifiers,LSTM_GRU_TCN_Transformer_deep_features,combined_deep_feature_extraction,classical_ml,SVM,SVM,5,128.0,0.7160974308556776,0.04307397785445361,0.3372954783373368,0.034606765819833026,0.5456195883885353,0.051941223887876295,0.4152570780272721,0.030953780246781092,0.3856240893637688,0.462862930452397,D2 Urban proxy
D3_ORAN_7_2_event_log_handover_labels,01_raw_flattened_windows,raw_time_windows,none_raw_baseline,classical_ml,Decision_Tree,Decision_Tree,5,540.0,0.9231724955397054,0.026241211364897696,0.8407354948042336,0.01635138992195177,0.9652553823516253,0.01861282484778424,0.8985062001833508,0.009121621151459265,0.8874441284030882,0.9104724149322762,D3 O-RAN event label
D3_ORAN_7_2_event_log_handover_labels,01_raw_flattened_windows,raw_time_windows,none_raw_baseline,classical_ml,KNN,KNN,5,540.0,0.9186070347199401,0.025566121932337642,0.8497466353110701,0.011230861646425862,0.9298717012124177,0.026562600776473492,0.8877938958496638,0.01211261435690055,0.8715223507346046,0.8987077949145478,D3 O-RAN event label
D3_ORAN_7_2_event_log_handover_labels,01_raw_flattened_windows,raw_time_windows,none_raw_baseline,classical_ml,Logistic_Regression,Logistic_Regression,5,540.0,0.9108645631768862,0.03328924085787744,0.8171084307188309,0.03231661636192389,0.967934957242187,0.016503096857762075,0.8856998827864638,0.016471146077461692,0.8662167526796348,0.9030982201713909,D3 O-RAN event label
D3_ORAN_7_2_event_log_handover_labels,01_raw_flattened_windows,raw_time_windows,none_raw_baseline,classical_ml,Random_Forest,Random_Forest,5,540.0,0.9371981236355664,0.018632034597298057,0.8573347644553031,0.013258898747255433,0.9808610053661273,0.018458179843722593,0.9148367355327736,0.011026577523099388,0.9012458219386204,0.926232219649355,D3 O-RAN event label
D3_ORAN_7_2_event_log_handover_labels,01_raw_flattened_windows,raw_time_windows,none_raw_baseline,classical_ml,SVM,SVM,5,540.0,0.9040694775184269,0.03515926448044989,0.7936424674620974,0.029731126686057915,0.9886197350806805,0.010839908440926381,0.8801324457479647,0.016757198022808863,0.8589743589743589,0.8994573890839451,D3 O-RAN event label
D3_ORAN_7_2_event_log_handover_labels,02_engineered_flattened_windows,engineered_time_windows,temporal_feature_engineering,classical_ml,Decision_Tree,Decision_Tree,5,6480.0,0.9401592025570984,0.019154088758476025,0.8761647990495345,0.010289416571278083,0.9648768049157065,0.011815549105956745,0.9183264126611682,0.007492177760892162,0.908717105263158,0.9251517194875252,D3 O-RAN event label
D3_ORAN_7_2_event_log_handover_labels,02_engineered_flattened_windows,engineered_time_windows,temporal_feature_engineering,classical_ml,KNN,KNN,5,6480.0,0.920597878428491,0.026368438564868348,0.8495625788654403,0.014046877387864953,0.9395993227391803,0.022760942298613876,0.8920819022243277,0.009050283762043003,0.8801251956181534,0.905114401076716,D3 O-RAN event label
D3_ORAN_7_2_event_log_handover_labels,02_engineered_flattened_windows,engineered_time_windows,temporal_feature_engineering,classical_ml,Logistic_Regression,Logistic_Regression,5,6480.0,0.9292821342166994,0.024428382683557154,0.8459750285793126,0.012616852383810339,0.9778379313296846,0.012198934529209792,0.9070202340541602,0.004707019421810306,0.9007572738142686,0.9128273118992376,D3 O-RAN event label
D3_ORAN_7_2_event_log_handover_labels,02_engineered_flattened_windows,engineered_time_windows,temporal_feature_engineering,classical_ml,Random_Forest,Random_Forest,5,6480.0,0.941974734904141,0.019133624802467178,0.8740228819489658,0.014578392109904801,0.9752669900817221,0.008817352989160209,0.9217838953753688,0.007451997360316886,0.9127789046653144,0.9300769488123118,D3 O-RAN event label
D3_ORAN_7_2_event_log_handover_labels,02_engineered_flattened_windows,engineered_time_windows,temporal_feature_engineering,classical_ml,SVM,SVM,5,6480.0,0.9177192619744646,0.028958640675384423,0.8169206272554952,0.020108852832035926,0.9899514355834114,0.010599595901185484,0.8949672371444144,0.010117514566183596,0.882284832111154,0.9092084006462036,D3 O-RAN event label
D3_ORAN_7_2_event_log_handover_labels,03_feature_selection_on_engineered,selected_engineered_features,feature_selection_anova_top_40,classical_ml,Decision_Tree,Decision_Tree,5,40.0,0.9138401915108736,0.029948188874874757,0.8282479820503337,0.012407916501123124,0.9546354535037125,0.013595869076599177,0.8868441844976866,0.0062718255885896345,0.8801603206412826,0.8959424083769634,D3 O-RAN event label
D3_ORAN_7_2_event_log_handover_labels,03_feature_selection_on_engineered,selected_engineered_features,feature_selection_anova_top_40,classical_ml,KNN,KNN,5,40.0,0.9234051637726765,0.023966947095515462,0.8622920602120125,0.01146635045044786,0.927858053555991,0.01911572728337481,0.8937610293374533,0.010546857357562838,0.8823344838406024,0.9041342121030556,D3 O-RAN event label
D3_ORAN_7_2_event_log_handover_labels,03_feature_selection_on_engineered,selected_engineered_features,feature_selection_anova_top_40,classical_ml,Logistic_Regression,Logistic_Regression,5,40.0,0.9191668494525519,0.026934580483030275,0.8243980635246755,0.015652332222290687,0.9779678934898284,0.01285602598009316,0.8945179957407003,0.009088165057650465,0.8870458135860979,0.907546553413917,D3 O-RAN event label
D3_ORAN_7_2_event_log_handover_labels,03_feature_selection_on_engineered,selected_engineered_features,feature_selection_anova_top_40,classical_ml,Random_Forest,Random_Forest,5,40.0,0.9268384167170567,0.024585536395647575,0.8449843755911692,0.011969762878337375,0.9701321947851536,0.011381360874354566,0.9031733998462268,0.007775073959659205,0.8917505030181087,0.9123269611074488,D3 O-RAN event label
D3_ORAN_7_2_event_log_handover_labels,03_feature_selection_on_engineered,selected_engineered_features,feature_selection_anova_top_40,classical_ml,SVM,SVM,5,40.0,0.9114088384257639,0.031716868333686095,0.8058733785144767,0.01288168469325341,0.9882276255892253,0.009206400596775487,0.8876982052581578,0.006865801358564647,0.883177570093458,0.8996805111821087,D3 O-RAN event label
D3_ORAN_7_2_event_log_handover_labels,04_pca_on_engineered,pca_engineered_features,pca_0.95_feature_variance,classical_ml,Decision_Tree,Decision_Tree,5,160.6,0.9027944046364963,0.034464384769465006,0.8126908199098493,0.01781015838211413,0.9448437055548743,0.016629814625860145,0.8735867256198194,0.008689615956759888,0.8629807692307693,0.8832093173730184,D3 O-RAN event label
D3_ORAN_7_2_event_log_handover_labels,04_pca_on_engineered,pca_engineered_features,pca_0.95_feature_variance,classical_ml,KNN,KNN,5,160.6,0.9199781101223735,0.02509131320915685,0.8468207895991027,0.011471893090156636,0.9389401561133983,0.020432684454593383,0.890395003167807,0.011653238205354998,0.8743811881188119,0.9042660396372186,D3 O-RAN event label
D3_ORAN_7_2_event_log_handover_labels,04_pca_on_engineered,pca_engineered_features,pca_0.95_feature_variance,classical_ml,Logistic_Regression,Logistic_Regression,5,160.6,0.9239365169877353,0.026363777117109796,0.8370852770072567,0.014293978126821927,0.9751976512768936,0.013533890571434292,0.9007238830358653,0.005038689235872212,0.8947784810126582,0.9063324538258576,D3 O-RAN event label
D3_ORAN_7_2_event_log_handover_labels,04_pca_on_engineered,pca_engineered_features,pca_0.95_feature_variance,classical_ml,Random_Forest,Random_Forest,5,160.6,0.9153894527087697,0.029159868237086065,0.8218664627171222,0.011460137718956452,0.9710810980870759,0.014974114118307484,0.8901269580758333,0.004116177787853812,0.885297595585337,0.8943408570493948,D3 O-RAN event label
D3_ORAN_7_2_event_log_handover_labels,04_pca_on_engineered,pca_engineered_features,pca_0.95_feature_variance,classical_ml,SVM,SVM,5,160.6,0.9055544266871672,0.03356694272647001,0.7951894668300643,0.019546416680672266,0.9893104157522086,0.01086464364776449,0.8815102708668693,0.010143613938814744,0.869996187571483,0.8951048951048951,D3 O-RAN event label
D3_ORAN_7_2_event_log_handover_labels,05_feature_selection_plus_pca,selected_pca_engineered_features,feature_selection_anova_plus_pca,classical_ml,Decision_Tree,Decision_Tree,5,2.4,0.8974376136743576,0.03643368826261852,0.792088685383312,0.03079435950134989,0.963038312539665,0.015665559989895352,0.8690002221372719,0.021526534185997027,0.8386599922988063,0.8888174807197944,D3 O-RAN event label
D3_ORAN_7_2_event_log_handover_labels,05_feature_selection_plus_pca,selected_pca_engineered_features,feature_selection_anova_plus_pca,classical_ml,KNN,KNN,5,2.4,0.9035298355894925,0.03286149781909912,0.8347650881107365,0.019292327714029518,0.9065133292893093,0.017019268561242196,0.8689851791861519,0.012051826457051485,0.8518211920529801,0.8822307920498369,D3 O-RAN event label
D3_ORAN_7_2_event_log_handover_labels,05_feature_selection_plus_pca,selected_pca_engineered_features,feature_selection_anova_plus_pca,classical_ml,Logistic_Regression,Logistic_Regression,5,2.4,0.9078785192745583,0.0322778452017297,0.8190860961504589,0.015023099861648575,0.9507098034398549,0.015218648261155179,0.8798796703975402,0.009728491072173773,0.8665330661322646,0.891248206599713,D3 O-RAN event label
D3_ORAN_7_2_event_log_handover_labels,05_feature_selection_plus_pca,selected_pca_engineered_features,feature_selection_anova_plus_pca,classical_ml,Random_Forest,Random_Forest,5,2.4,0.9062630324654164,0.03306996382039618,0.8110574636505067,0.0250060593337576,0.9589281807944964,0.015964149823067746,0.8786029417226924,0.016154626367447602,0.8578199052132701,0.8961677038978054,D3 O-RAN event label
D3_ORAN_7_2_event_log_handover_labels,05_feature_selection_plus_pca,selected_pca_engineered_features,feature_selection_anova_plus_pca,classical_ml,SVM,SVM,5,2.4,0.8943817573528128,0.037372197272620186,0.7759159084729124,0.026190728051404762,0.9864478107766057,0.011623738037406902,0.8683682139442214,0.01652375466203377,0.8490853658536586,0.8875590551181103,D3 O-RAN event label
D3_ORAN_7_2_event_log_handover_labels,06_direct_deep_learning,engineered_sequence_features,deep_temporal_learning,deep_learning_direct,GRU,direct_sigmoid,5,648.0,0.9337511565794937,0.02149025060248793,0.8571946158907426,0.014742335844203506,0.9726950058982574,0.010605885028120939,0.911184697987113,0.006778150062104776,0.904862579281184,0.9207009207009208,D3 O-RAN event label
D3_ORAN_7_2_event_log_handover_labels,06_direct_deep_learning,engineered_sequence_features,deep_temporal_learning,deep_learning_direct,LSTM,direct_sigmoid,5,648.0,0.9325671710080476,0.021827804028468914,0.8616204317996761,0.01605721056373378,0.960533154545195,0.011621681742289365,0.9083019168397193,0.010256415364319461,0.8992248062015504,0.9251497005988024,D3 O-RAN event label
D3_ORAN_7_2_event_log_handover_labels,06_direct_deep_learning,engineered_sequence_features,deep_temporal_learning,deep_learning_direct,TCN,direct_sigmoid,5,648.0,0.9039066938676855,0.033803793962601476,0.7954601331182657,0.041451604313932106,0.9799349365077837,0.017045369925566704,0.8773680524766864,0.022379740109452276,0.8393706549579217,0.8939344794031787,D3 O-RAN event label
D3_ORAN_7_2_event_log_handover_labels,06_direct_deep_learning,engineered_sequence_features,deep_temporal_learning,deep_learning_direct,Transformer,direct_sigmoid,5,648.0,0.9134774631520063,0.026575951011342882,0.8227626761162485,0.012724484908890644,0.9558020121145361,0.03451077204186739,0.8839674006994119,0.014564031753179742,0.8635525507068224,0.9001956947162426,D3 O-RAN event label
D3_ORAN_7_2_event_log_handover_labels,07_individual_deep_features_to_classifiers,GRU_deep_features,GRU_as_feature_extractor,classical_ml,Decision_Tree,Decision_Tree,5,32.0,0.9292957946234015,0.024428053012181518,0.8552689319563627,0.016019938228068523,0.9630298925432902,0.013454114948672538,0.9057879174422718,0.006228386864102383,0.8979423868312757,0.913464751085867,D3 O-RAN event label
D3_ORAN_7_2_event_log_handover_labels,07_individual_deep_features_to_classifiers,GRU_deep_features,GRU_as_feature_extractor,classical_ml,KNN,KNN,5,32.0,0.9381793771996192,0.020459735747723345,0.9004293394544712,0.012549847774997824,0.9259598743871346,0.014320618057706349,0.9128807111373429,0.005164492608564242,0.90485312899106,0.917860887801468,D3 O-RAN event label
D3_ORAN_7_2_event_log_handover_labels,07_individual_deep_features_to_classifiers,GRU_deep_features,GRU_as_feature_extractor,classical_ml,Logistic_Regression,Logistic_Regression,5,32.0,0.9246014678985824,0.02692302105083141,0.8343744441551328,0.023006435572344608,0.9837883952998332,0.01337084331645126,0.9026772213267991,0.010358821483902573,0.8901914810472841,0.9150881776616592,D3 O-RAN event label
D3_ORAN_7_2_event_log_handover_labels,07_individual_deep_features_to_classifiers,GRU_deep_features,GRU_as_feature_extractor,classical_ml,Random_Forest,Random_Forest,5,32.0,0.9385331654298396,0.02000842783457164,0.8746174068164269,0.013759403369559891,0.9625880174192739,0.015736723553798546,0.9163415354994582,0.006407651654617392,0.9088689991863304,0.9220384745190684,D3 O-RAN event label
D3_ORAN_7_2_event_log_handover_labels,07_individual_deep_features_to_classifiers,GRU_deep_features,GRU_as_feature_extractor,classical_ml,SVM,SVM,5,32.0,0.9220236035022449,0.027214116810766166,0.827166609563047,0.022061565405851344,0.9862686720109931,0.01271187661310233,0.8995026746143836,0.010599309971684416,0.8869902912621359,0.91222366710013,D3 O-RAN event label
D3_ORAN_7_2_event_log_handover_labels,07_individual_deep_features_to_classifiers,LSTM_deep_features,LSTM_as_feature_extractor,classical_ml,Decision_Tree,Decision_Tree,5,32.0,0.9264603346261995,0.025383656656689704,0.8552881205407253,0.0162851756543858,0.9539841833987968,0.018011704291006767,0.9017346400883521,0.007526568858206971,0.8912510220768601,0.9122497055359248,D3 O-RAN event label
D3_ORAN_7_2_event_log_handover_labels,07_individual_deep_features_to_classifiers,LSTM_deep_features,LSTM_as_feature_extractor,classical_ml,KNN,KNN,5,32.0,0.9346200620831923,0.02181488726270169,0.8988947771905635,0.008683936914292206,0.9165118022500629,0.008783570524059734,0.9075841655344483,0.006229835801821119,0.9009584664536742,0.9140350877192982,D3 O-RAN event label
D3_ORAN_7_2_event_log_handover_labels,07_individual_deep_features_to_classifiers,LSTM_deep_features,LSTM_as_feature_extractor,classical_ml,Logistic_Regression,Logistic_Regression,5,32.0,0.927171004072638,0.02546042285369881,0.8423139504454479,0.022840955894744393,0.9785626438901815,0.01568595505611747,0.9050639158138802,0.010493951983832671,0.88801261829653,0.91302920905809,D3 O-RAN event label
D3_ORAN_7_2_event_log_handover_labels,07_individual_deep_features_to_classifiers,LSTM_deep_features,LSTM_as_feature_extractor,classical_ml,Random_Forest,Random_Forest,5,32.0,0.9361622020622609,0.021402722955510118,0.8744334999021313,0.01570124177140041,0.9559284414438581,0.011123688617415022,0.9132517919982679,0.008107223456157003,0.8998774008990601,0.9192840256670044,D3 O-RAN event label
D3_ORAN_7_2_event_log_handover_labels,07_individual_deep_features_to_classifiers,LSTM_deep_features,LSTM_as_feature_extractor,classical_ml,SVM,SVM,5,32.0,0.9200657764454764,0.028066209084561786,0.8262154765499787,0.019421606385195623,0.9819337358455783,0.014547268297127384,0.8971388098618611,0.008048380612271424,0.8861056751467711,0.9056603773584906,D3 O-RAN event label
D3_ORAN_7_2_event_log_handover_labels,07_individual_deep_features_to_classifiers,TCN_deep_features,TCN_as_feature_extractor,classical_ml,Decision_Tree,Decision_Tree,5,32.0,0.9110138881907467,0.03035812802416992,0.821828125110402,0.016781837349800446,0.9555003057581446,0.01315152343646053,0.8834597037119659,0.007008494603962999,0.8731284475965327,0.8911609498680739,D3 O-RAN event label
D3_ORAN_7_2_event_log_handover_labels,07_individual_deep_features_to_classifiers,TCN_deep_features,TCN_as_feature_extractor,classical_ml,KNN,KNN,5,32.0,0.9159847933767804,0.02691481472210704,0.854250053731465,0.010616483182207016,0.914036538521428,0.01787556265335297,0.8830544112137796,0.011105845823561233,0.8662060301507538,0.8932704672096013,D3 O-RAN event label
D3_ORAN_7_2_event_log_handover_labels,07_individual_deep_features_to_classifiers,TCN_deep_features,TCN_as_feature_extractor,classical_ml,Logistic_Regression,Logistic_Regression,5,32.0,0.9084729911556246,0.030746402122343846,0.8035999431396753,0.016721917623816578,0.9798181900162358,0.011830845954085028,0.882857185019386,0.008739905256119096,0.8708685626441199,0.8924765902486277,D3 O-RAN event label
D3_ORAN_7_2_event_log_handover_labels,07_individual_deep_features_to_classifiers,TCN_deep_features,TCN_as_feature_extractor,classical_ml,Random_Forest,Random_Forest,5,32.0,0.9189542782191943,0.026216758700474404,0.8302729688947263,0.014591767286108752,0.9654447785016014,0.01578258844433536,0.8926362526223663,0.009178241878484773,0.8818897637795275,0.9006882989183874,D3 O-RAN event label
D3_ORAN_7_2_event_log_handover_labels,07_individual_deep_features_to_classifiers,TCN_deep_features,TCN_as_feature_extractor,classical_ml,SVM,SVM,5,32.0,0.9028995471289388,0.03215358563729379,0.7889295019493275,0.024189186239173016,0.9884004078791768,0.013186084090115954,0.8772032872470176,0.0133341773523064,0.8573562359970127,0.8903717826501429,D3 O-RAN event label
D3_ORAN_7_2_event_log_handover_labels,07_individual_deep_features_to_classifiers,Transformer_deep_features,Transformer_as_feature_extractor,classical_ml,Decision_Tree,Decision_Tree,5,32.0,0.9102966706823757,0.028082159655802408,0.8202985736741578,0.016191388969541205,0.9497177325255766,0.032148496453924945,0.8798991554379219,0.013002003706791868,0.8595092024539878,0.8913105821623172,D3 O-RAN event label
D3_ORAN_7_2_event_log_handover_labels,07_individual_deep_features_to_classifiers,Transformer_deep_features,Transformer_as_feature_extractor,classical_ml,KNN,KNN,5,32.0,0.9068513573449763,0.03283313251795209,0.8432259678421676,0.01942106508491781,0.9065608662201802,0.01339450300291741,0.8735286036827059,0.007173414902085606,0.8659194686591947,0.8818463658284533,D3 O-RAN event label
D3_ORAN_7_2_event_log_handover_labels,07_individual_deep_features_to_classifiers,Transformer_deep_features,Transformer_as_feature_extractor,classical_ml,Logistic_Regression,Logistic_Regression,5,32.0,0.9116518192332684,0.030328081402760883,0.8083917204783051,0.01876863588277806,0.9819576053169203,0.015916933953134395,0.8865706139899713,0.01074748313204468,0.8777996070726916,0.9032882011605416,D3 O-RAN event label
D3_ORAN_7_2_event_log_handover_labels,07_individual_deep_features_to_classifiers,Transformer_deep_features,Transformer_as_feature_extractor,classical_ml,Random_Forest,Random_Forest,5,32.0,0.9173606045105602,0.028678868224291686,0.8349366037285868,0.019773636897254688,0.9554786894321117,0.018620071681935225,0.8908641313014088,0.00786484550903545,0.8846466287571081,0.903032322559147,D3 O-RAN event label
D3_ORAN_7_2_event_log_handover_labels,07_individual_deep_features_to_classifiers,Transformer_deep_features,Transformer_as_feature_extractor,classical_ml,SVM,SVM,5,32.0,0.906709574513323,0.032277015120064124,0.7968960886534294,0.017619488585002157,0.9872481252457199,0.014425375238540728,0.8817482925791852,0.010017061702847463,0.8705426356589148,0.8958930276981852,D3 O-RAN event label
D3_ORAN_7_2_event_log_handover_labels,08_combined_deep_features_to_classifiers,LSTM_GRU_TCN_Transformer_deep_features,combined_deep_feature_extraction,classical_ml,Decision_Tree,Decision_Tree,5,128.0,0.9289242014262614,0.0249113009939594,0.8596448480379129,0.012674932096853182,0.9550721501457838,0.021620883963816222,0.9046016604460831,0.003787051911497889,0.8983790523690773,0.907563025210084,D3 O-RAN event label
D3_ORAN_7_2_event_log_handover_labels,08_combined_deep_features_to_classifiers,LSTM_GRU_TCN_Transformer_deep_features,combined_deep_feature_extraction,classical_ml,KNN,KNN,5,128.0,0.9363610713137549,0.023702329948689364,0.9011096618716776,0.011503845485331763,0.9231137213326697,0.011626561753433387,0.9118704169685122,0.0031639791133449315,0.9094076655052264,0.9171029668411868,D3 O-RAN event label
D3_ORAN_7_2_event_log_handover_labels,08_combined_deep_features_to_classifiers,LSTM_GRU_TCN_Transformer_deep_features,combined_deep_feature_extraction,classical_ml,Logistic_Regression,Logistic_Regression,5,128.0,0.9302959196271952,0.02487774143496181,0.8465072732892887,0.022084733210074644,0.9830971540194646,0.014893573787332493,0.9094237947683228,0.008611463148060996,0.8957923712151002,0.9185817465528562,D3 O-RAN event label
D3_ORAN_7_2_event_log_handover_labels,08_combined_deep_features_to_classifiers,LSTM_GRU_TCN_Transformer_deep_features,combined_deep_feature_extraction,classical_ml,Random_Forest,Random_Forest,5,128.0,0.9401430541359392,0.02037869110485371,0.8780568169661283,0.013575329764225425,0.9644870136821122,0.012590796868525567,0.9191157701221305,0.0052780232019615835,0.9107215654300856,0.9239940387481372,D3 O-RAN event label
D3_ORAN_7_2_event_log_handover_labels,08_combined_deep_features_to_classifiers,LSTM_GRU_TCN_Transformer_deep_features,combined_deep_feature_extraction,classical_ml,SVM,SVM,5,128.0,0.9204589128782125,0.02886111610387662,0.8244782093902734,0.02212554793182844,0.9877543113242847,0.01475902865908134,0.8984827783528763,0.009325383299096412,0.8890618917866874,0.9105638366817888,D3 O-RAN event label
